id,direction,shift_time_ms
U01,up,100
U02,up,91
U03,up,90
U04,up,92
U05,up,45
U06,up,32
U07,up,79
U08,up,40
U09,up,62
U10,up,55
U11,up,65
U12,up,54
U13,up,69
U14,up,54
U15,up,40
U16,up,42
U17,up,71
U18,up,54
U19,up,128
U20,up,72
U21,up,30
U22,up,40
U23,up,47
U24,up,83
U25,up,63
U26,up,92
U27,up,87
U28,up,90
U29,up,94
U30,up,150
U31,up,31
U32,up,35
U33,up,61
U34,up,26
U35,up,129
U36,up,122
U37,up,300
U38,up,91
U39,up,129
U40,up,153
U41,up,96
U42,up,80
D01,down,74
D02,down,52
D03,down,83
D04,down,71
D05,down,82
D06,down,88
D07,down,22
D08,down,42
D09,down,36
D10,down,25
D11,down,30
D12,down,62
D13,down,70
D14,down,76
D15,down,85
D16,down,244
D17,down,79
D18,down,90
D19,down,21
D20,down,51
D21,down,51
D22,down,52
D23,down,84
D24,down,73
D25,down,84
D26,down,143
D27,down,63
D28,down,46
D29,down,30
D30,down,181
D31,down,145
D32,down,194
D33,down,148
D34,down,130
D35,down,132
D36,down,257
D37,down,81
D38,down,101
D39,down,76
D40,down,110
D41,down,107
D42,down,208
